{
    "$schema": "https://schema.management.azure.com/schemas/2015-01-01/deploymentParameters.json#",
    "contentVersion": "1.0.0.0",
    "parameters": {
        "location": {
            "value": "canadacentral"
        },
        "networkInterfaceName": {
            "value": "table1epvmcoreos286"
        },
        "networkSecurityGroupName": {
            "value": "table1epVMCoreOS-nsg"
        },
        "networkSecurityGroupRules": {
            "value": [
                {
                    "name": "SSH",
                    "properties": {
                        "priority": 300,
                        "protocol": "TCP",
                        "access": "Allow",
                        "direction": "Inbound",
                        "sourceAddressPrefix": "*",
                        "sourcePortRange": "*",
                        "destinationAddressPrefix": "*",
                        "destinationPortRange": "22"
                    }
                }
            ]
        },
        "virtualNetworkId": {
            "value": "/subscriptions/0ab9ad2e-f316-4da5-b243-e7f65da24755/resourceGroups/table1epRG3/providers/Microsoft.Network/virtualNetworks/table1epVM3VNET"
        },
        "subnetName": {
            "value": "table1epVM3Subnet"
        },
        "publicIpAddressName": {
            "value": "table1epVMCoreOS-ip"
        },
        "publicIpAddressType": {
            "value": "Dynamic"
        },
        "publicIpAddressSku": {
            "value": "Basic"
        },
        "virtualMachineName": {
            "value": "table1epVMCoreOS"
        },
        "virtualMachineRG": {
            "value": "table1epRG3"
        },
        "osDiskType": {
            "value": "Premium_LRS"
        },
        "virtualMachineSize": {
            "value": "Standard_D2s_v3"
        },
        "adminUsername": {
            "value": "azureops"
        },
        "adminPublicKey": {
            "value": null
        },
        "diagnosticsStorageAccountName": {
            "value": "table1ep3diag"
        },
        "diagnosticsStorageAccountId": {
            "value": "Microsoft.Storage/storageAccounts/table1ep3diag"
        },
        "diagnosticsStorageAccountType": {
            "value": "Standard_LRS"
        },
        "diagnosticsStorageAccountKind": {
            "value": "Storage"
        }
    }
}